,Word,Count
0,dar,5
1,art,355
2,artist,130
3,constitution,29
4,fade,4
5,black,53
6,haul,5
7,page,44
8,turner,4
9,political,64
10,nickname,168
11,stop,35
12,press,15
13,super,26
14,pack,28
15,congressional,3
16,record,61
17,daily,15
18,rundown,5
19,new,405
20,york,125
21,time,558
22,movie,883
23,final,879
24,also,84
25,state,676
26,common,85
27,last,242
28,name,886
29,death,63
30,venice,15
31,word,1675
32,jailhouse,5
33,rock,155
34,letter,395
35,please,39
36,life,139
37,de,50
38,moines,5
39,math,112
40,milestone,25
41,birthday,25
42,national,276
43,anthem,25
44,opera,99
45,woodstock,9
46,od,10
47,forgotten,5
48,musical,251
49,got,114
50,music,375
51,independence,25
52,day,191
53,let,279
54,b,202
55,medical,72
56,abbreviation,64
57,military,70
58,matter,87
59,mother,15
60,goose,17
61,prehistoric,5
62,lake,69
63,bo,10
64,know,99
65,candle,15
66,wind,30
67,church,20
68,cathedral,15
69,circle,15
70,crocodile,10
71,elton,5
72,john,39
73,still,25
74,standin,5
75,smith,20
76,go,236
77,washington,29
78,rocket,19
79,man,172
80,bowl,15
81,mvp,28
82,take,107
83,hike,5
84,technology,29
85,da,19
86,end,273
87,alfred,5
88,hitchcock,5
89,said,52
90,american,584
91,decorative,9
92,ballet,52
93,setting,69
94,dialect,15
95,earliest,5
96,statehood,10
97,heteronym,15
98,island,156
99,prison,25
100,literary,419
101,title,539
102,pair,88
103,potent,48
104,potable,40
105,tv,991
106,virginia,20
107,fighter,15
108,literature,301
109,botany,9
110,celebrity,169
111,insurance,5
112,policy,5
113,coat,5
114,jacket,10
115,get,129
116,hailed,7
117,wale,14
118,map,86
119,sloganeering,5
120,least,5
121,interesting,10
122,world,715
123,nixon,15
124,year,228
125,within,30
126,royal,25
127,british,159
128,lockup,5
129,asian,72
130,food,218
131,chicken,10
132,soup,29
133,describing,35
134,novel,218
135,sole,10
136,innocent,5
137,city,419
138,usa,50
139,robot,19
140,pal,30
141,ralph,5
142,waldo,5
143,emerson,10
144,science,436
145,update,20
146,davy,5
147,quarterback,14
148,award,136
149,squad,15
150,lip,10
151,service,25
152,ankara,4
153,baby,59
154,comic,37
155,book,698
156,governmental,10
157,deal,5
158,country,381
159,rhyme,296
160,broad,5
161,geography,204
162,charles,10
163,dickens,25
164,war,287
165,ii,25
166,architect,10
167,double,276
168,soundtrack,15
169,sleuth,5
170,creator,13
171,sweet,64
172,aisle,15
173,mine,25
174,isle,10
175,politics,64
176,thus,5
177,sayeth,8
178,lord,18
179,veterinary,10
180,medicine,79
181,auto,16
182,aboard,13
183,ancient,112
184,greek,73
185,drama,50
186,broadway,148
187,familiar,54
188,phrase,201
189,link,20
190,drink,122
191,nasa,5
192,say,118
193,paris,10
194,site,35
195,people,189
196,stately,25
197,museum,113
198,eating,5
199,c,189
200,century,407
201,amy,10
202,poehler,5
203,awesome,10
204,april,20
205,history,838
206,business,129
207,face,27
208,mountain,67
209,song,558
210,old,196
211,head,53
212,middle,164
213,age,105
214,try,19
215,stay,15
216,neutral,5
217,feeling,17
218,lucky,40
219,foreign,63
220,currency,15
221,italian,68
222,key,25
223,bad,65
224,source,25
225,prefixated,5
226,sculptor,10
227,pulitzer,53
228,prize,86
229,fiction,112
230,thing,190
231,make,112
232,hm,5
233,whoop,5
234,peter,15
235,wolf,15
236,syllable,25
237,sauce,20
238,crossword,155
239,clue,182
240,may,39
241,quote,214
242,nyc,15
243,redrawing,5
244,ottoman,13
245,empire,25
246,french,148
247,stupid,40
248,answer,45
249,misdirection,5
250,news,90
251,harry,24
252,potter,19
253,bestiary,5
254,astronomy,25
255,home,83
256,adam,13
257,eve,3
258,hawaiian,15
259,belongs,5
260,part,126
261,speech,64
262,singer,54
263,real,81
264,college,207
265,alumnus,25
266,razzie,10
267,worst,15
268,actor,125
269,turn,24
270,p,73
271,fashion,113
272,young,40
273,men,135
274,woman,329
275,beastly,74
276,expression,54
277,hazardous,10
278,first,462
279,car,83
280,prologue,10
281,romantic,15
282,rome,25
283,antic,5
284,greatest,10
285,hit,153
286,encouragment,5
287,almost,25
288,fanatical,5
289,devotion,5
290,classified,9
291,f,63
292,fear,10
293,jelly,10
294,land,118
295,nice,57
296,red,51
297,uniform,16
298,numerical,25
299,lit,200
300,podcasts,10
301,ruthless,5
302,efficiency,5
303,surprise,5
304,spanish,62
305,inquisition,10
306,comedy,50
307,film,308
308,dog,35
309,breed,25
310,eat,39
311,verb,84
312,poet,95
313,poetry,99
314,contraction,10
315,similarly,5
316,named,50
317,school,130
318,speaking,25
319,tongue,5
320,california,40
321,gold,22
322,rush,22
323,office,34
324,role,220
325,pourri,10
326,brasil,15
327,cut,19
328,invention,44
329,trap,5
330,musician,47
331,died,25
332,sitcom,50
333,squid,5
334,license,13
335,plate,10
336,writer,126
337,e,171
338,compound,48
339,debussy,5
340,cat,48
341,fabulous,5
342,florida,20
343,locker,9
344,room,29
345,talk,195
346,band,145
347,idiom,63
348,owl,10
349,behave,5
350,guide,15
351,capital,287
352,cake,15
353,screen,60
354,kinda,4
355,sciencey,4
356,periodic,29
357,table,23
358,job,116
359,regarding,4
360,henry,27
361,roman,63
362,britain,15
363,sport,299
364,annual,50
365,event,60
366,fragrance,5
367,across,20
368,ohio,14
369,ten,15
370,category,243
371,communicado,5
372,little,138
373,myth,49
374,sunshine,5
375,wide,15
376,spot,55
377,going,74
378,long,82
379,color,85
380,african,101
381,bill,75
382,derby,5
383,horsing,5
384,around,159
385,hyphenated,25
386,kentucky,10
387,presidential,106
388,sign,45
389,zodiac,25
390,sneaker,10
391,brand,119
392,bye,10
393,line,144
394,gim,24
395,shelter,5
396,portmanteau,25
397,kid,80
398,punny,20
399,knight,28
400,nature,50
401,pb,5
402,made,29
403,adaptation,15
404,exodus,9
405,queen,57
406,king,138
407,l,120
408,uke,5
409,revelation,5
410,solomon,5
411,synonym,15
412,bible,214
413,placement,9
414,add,59
415,start,170
416,anatomically,13
417,titled,10
418,duck,25
419,afternoon,9
420,holy,14
421,moses,4
422,flower,58
423,tech,89
424,magic,15
425,laika,5
426,animation,5
427,vice,35
428,president,186
429,choice,39
430,winner,132
431,actress,39
432,chapter,44
433,cup,20
434,earthquake,4
435,volcano,19
436,god,45
437,save,5
438,english,65
439,hybrid,14
440,potpourri,108
441,amazing,4
442,theology,4
443,branch,19
444,served,4
445,ham,10
446,beverage,13
447,draw,10
448,gun,14
449,flip,4
450,homophone,38
451,jewish,4
452,note,20
453,great,121
454,sailing,5
455,horror,20
456,story,93
457,electoral,5
458,tree,54
459,summer,25
460,cold,30
461,historical,80
462,miscellaneous,10
463,oed,24
464,plane,19
465,train,15
466,automobile,18
467,law,107
468,character,404
469,ail,5
470,ya,30
471,backing,15
472,happy,53
473,trail,10
474,operatic,10
475,adjective,80
476,poisonous,10
477,plant,48
478,saint,39
479,sound,95
480,like,171
481,piece,20
482,furniture,25
483,game,195
484,throne,15
485,guy,76
486,beard,10
487,bucket,5
488,list,70
489,dy,15
490,instrument,74
491,baseball,66
492,appendage,5
493,tonight,10
494,daniel,19
495,boone,5
496,england,45
497,scotland,15
498,fruit,63
499,stand,19
500,kick,5
501,jam,10
502,sister,15
503,money,78
504,person,35
505,way,66
506,barrage,5
507,america,166
508,every,32
509,claim,5
510,stake,5
511,move,19
512,watching,14
513,u,175
514,mining,5
515,ore,5
516,africa,35
517,scientist,47
518,round,10
519,number,124
520,structured,2
521,colorful,88
522,language,135
523,nut,20
524,animal,261
525,alliteration,31
526,georgia,15
527,holiday,109
528,duet,5
529,historic,179
530,stan,4
531,lee,4
532,cameo,14
533,religion,94
534,degree,5
535,river,127
536,run,33
537,collective,5
538,noun,15
539,health,79
540,perfect,39
541,required,20
542,reading,70
543,star,148
544,pachebel,5
545,canon,10
546,taco,10
547,bell,25
548,classic,90
549,monopoly,5
550,album,81
551,motto,25
552,space,62
553,race,25
554,tough,44
555,ar,10
556,sir,21
557,impasto,5
558,alloy,5
559,director,43
560,drugz,5
561,funny,35
562,lady,104
563,join,5
564,conjunction,14
565,call,53
566,nothing,24
567,net,10
568,operation,5
569,loop,9
570,happens,15
571,anatomical,14
572,etymology,15
573,big,164
574,cop,15
575,henrik,9
576,ibsen,9
577,gibson,4
578,visit,58
579,south,103
580,philosophy,42
581,quotables,5
582,throwing,10
583,whose,45
584,billboard,35
585,barre,5
586,civil,74
587,documentary,20
588,eponym,18
589,border,80
590,love,140
591,craft,20
592,palmistry,5
593,n,69
594,imal,5
595,kingdom,10
596,taglines,20
597,mad,25
598,bro,25
599,christmas,25
600,basketball,25
601,ben,25
602,jerry,10
603,flavor,15
604,graveyard,5
605,invasion,9
606,nation,80
607,landmark,70
608,plan,10
609,anagram,60
610,silent,69
611,h,45
612,pope,19
613,child,73
614,lifetime,5
615,biology,45
616,giving,15
617,lunch,8
618,dedication,10
619,haiti,5
620,file,30
621,hour,20
622,work,92
623,division,5
624,team,179
625,dodge,5
626,podge,10
627,fridge,10
628,latin,80
629,class,45
630,group,64
631,many,25
632,cross,20
633,official,55
634,stopped,5
635,breathing,5
636,weather,70
637,vietnam,10
638,era,23
639,among,5
640,largest,15
641,environmental,15
642,oscar,109
643,hey,45
644,mac,14
645,handshake,10
646,nonfiction,119
647,put,55
648,shakespearean,70
649,jeopardy,49
650,tell,25
651,something,62
652,weight,41
653,measure,56
654,author,301
655,orange,15
656,teacher,35
657,communication,15
658,eerie,5
659,study,20
660,hall,107
661,superior,5
662,quotable,40
663,franklin,10
664,show,303
665,episode,40
666,writin,5
667,speakin,5
668,cool,25
669,donne,5
670,system,74
671,primed,5
672,drummer,5
673,sings,5
674,future,5
675,universe,20
676,theater,50
677,glossary,25
678,travel,47
679,tourism,27
680,one,130
681,vowel,153
682,chemistry,44
683,strip,20
684,canine,5
685,cone,5
686,economics,13
687,ice,56
688,cream,18
689,brunswick,5
690,vocabulary,65
691,route,10
692,slideshow,5
693,bob,17
694,yes,49
695,boo,5
696,cape,19
697,casino,15
698,nero,5
699,good,161
700,feller,5
701,heat,5
702,journalism,20
703,writing,35
704,marriage,15
705,three,35
706,two,10
707,frequent,5
708,flier,5
709,funeral,5
710,md,5
711,rainforest,5
712,original,34
713,q,63
714,scientific,28
715,television,62
716,sorting,5
717,hat,25
718,next,40
719,member,10
720,alphabetically,25
721,occident,5
722,express,10
723,escape,10
724,mi,10
725,fictional,85
726,rude,5
727,awakening,5
728,alliterative,23
729,term,170
730,classical,107
731,acting,15
732,exchange,13
733,hard,20
734,g,100
735,culture,191
736,renting,10
737,pop,272
738,lyric,65
739,inventive,24
740,german,40
741,government,63
742,asp,5
743,puttin,5
744,welcome,49
745,mutt,10
746,texture,5
747,airport,55
748,knock,15
749,desk,5
750,drawer,5
751,odds,20
752,russian,45
753,speaker,5
754,corner,5
755,based,23
756,initial,55
757,passion,5
758,fact,104
759,femmes,9
760,fray,5
761,marine,27
762,recording,10
763,theatrical,5
764,weapon,9
765,governor,18
766,midnight,9
767,brit,45
768,veggie,10
769,overlap,10
770,extinct,10
771,creature,34
772,dictionary,163
773,olympic,53
774,athlete,45
775,pick,35
776,card,36
777,shakespeare,132
778,combat,5
779,pilot,10
780,richest,5
781,alabama,10
782,cleaning,5
783,attic,10
784,electricity,10
785,wife,45
786,pulp,4
787,spacecraft,5
788,type,44
789,third,25
790,walt,15
791,disney,59
792,archive,5
793,zed,5
794,dead,45
795,bone,44
796,villain,35
797,exploration,27
798,past,43
799,tense,13
800,popular,10
801,website,50
802,reality,68
803,judge,9
804,short,118
805,immortalized,5
806,need,75
807,grow,13
808,followed,10
809,quick,35
810,dip,8
811,beast,35
812,fatherly,10
813,stage,49
814,hammer,5
815,medication,5
816,student,20
817,basket,7
818,adorables,5
819,body,221
820,water,130
821,sibling,20
822,surname,24
823,february,5
824,olden,5
825,multiple,27
826,meaning,48
827,remember,65
828,seeing,14
829,semiliterate,5
830,rap,25
831,place,225
832,putting,10
833,r,100
834,entertainment,89
835,k,84
836,peak,5
837,organization,63
838,quite,15
839,speed,5
840,strait,15
841,stubhub,5
842,subculture,10
843,check,15
844,today,40
845,coin,25
846,everywhere,10
847,ecology,5
848,olympian,14
849,snap,10
850,chat,5
851,origin,109
852,whitman,10
853,sampler,5
854,endlessly,5
855,rocking,5
856,friend,50
857,curious,9
858,yellow,31
859,major,44
860,league,45
861,ballpark,10
862,native,29
863,cradle,5
864,seen,9
865,carrot,5
866,george,25
867,clooney,5
868,mayor,15
869,garcetti,5
870,los,15
871,angeles,10
872,supplying,5
873,schtick,4
874,yell,4
875,adult,5
876,poly,5
877,want,60
878,minute,5
879,fame,46
880,cracker,5
881,forbidding,5
882,richard,10
883,recent,110
884,bestselling,20
885,relative,30
886,hive,5
887,acquisitive,5
888,antique,5
889,inquisitive,5
890,raining,10
891,mensa,5
892,hysteria,3
893,mythology,40
894,polynesia,5
895,cause,30
896,opening,20
897,puzzle,30
898,getting,80
899,praise,10
900,older,10
901,plain,5
902,see,64
903,med,30
904,abbrev,91
905,muppet,5
906,sesame,5
907,street,35
908,remembering,14
909,sym,5
910,cloudy,5
911,cosmetic,4
912,education,25
913,innovation,14
914,sean,5
915,connery,5
916,burt,5
917,reynolds,5
918,prior,5
919,leader,109
920,singing,15
921,physical,13
922,archipelago,9
923,biblical,86
924,shoulder,5
925,knee,5
926,toe,5
927,document,20
928,easy,28
929,sexiest,5
930,alive,13
931,hand,25
932,ladle,5
933,glyph,5
934,busy,9
935,since,10
936,football,68
937,stadium,18
938,liechtenstein,10
939,roy,10
940,lichtenstein,5
941,spider,5
942,bos,25
943,ye,5
944,olde,10
945,faire,5
946,sq,4
947,look,59
948,boy,27
949,scout,3
950,honor,30
951,michigan,10
952,unit,25
953,memoirists,5
954,ca,25
955,fight,20
956,oot,5
957,newspaper,80
958,canadian,79
959,province,20
960,eponymously,5
961,qwitter,5
962,sweeping,5
963,sell,5
964,fun,47
965,notorious,15
966,octoberfest,5
967,talkin,15
968,trash,5
969,farmer,4
970,deli,4
971,mean,20
972,ordered,5
973,mammal,34
974,best,119
975,picture,103
976,ef,5
977,ect,5
978,catalina,5
979,wine,48
980,mixer,5
981,keep,19
982,lazarus,5
983,rising,10
984,salute,14
985,white,48
986,blue,43
987,trans,10
988,action,30
989,fire,30
990,apart,5
991,floral,5
992,scotch,5
993,napoleon,9
994,stamp,60
995,tool,30
996,drop,5
997,dogging,10
998,underwater,5
999,hail,30
1000,chief,15
1001,sub,5
1002,thy,15
1003,lost,25
1004,prefix,25
1005,reach,9
1006,top,98
1007,stuff,124
1008,family,65
1009,relationship,5
1010,lesson,28
1011,early,36
1012,cinema,40
1013,geek,5
1014,zone,33
1015,leather,10
1016,attraction,35
1017,nobel,42
1018,legend,15
1019,truth,14
1020,sleepy,10
1021,hollow,10
1022,kind,70
1023,doctor,25
1024,translator,5
1025,mr,4
1026,paper,30
1027,mid,5
1028,section,5
1029,north,64
1030,pacific,24
1031,video,72
1032,slang,54
1033,ily,5
1034,acronym,24
1035,whirled,5
1036,btw,5
1037,dorm,15
1038,faq,5
1039,lol,4
1040,omg,4
1041,rule,15
1042,fill,43
1043,blank,59
1044,bug,24
1045,mobile,5
1046,tony,25
1047,blended,10
1048,dirty,15
1049,bird,80
1050,scot,10
1051,juvenile,5
1052,surrounded,14
1053,statistic,9
1054,bee,33
1055,jason,5
1056,beverly,8
1057,hill,27
1058,cowboy,5
1059,minor,10
1060,motion,15
1061,stock,32
1062,eography,20
1063,oo,15
1064,sorry,20
1065,weaving,2
1066,japanese,27
1067,gentleman,10
1068,beetle,5
1069,religious,39
1070,department,47
1071,thespianists,5
1072,victorian,4
1073,verse,14
1074,commercial,5
1075,west,38
1076,indie,4
1077,minimus,5
1078,brain,5
1079,recognize,5
1080,senator,35
1081,consonant,35
1082,used,10
1083,eff,5
1084,effort,5
1085,david,23
1086,bowie,5
1087,hero,19
1088,repeat,5
1089,gdansk,5
1090,modern,5
1091,patent,5
1092,rebel,10
1093,entertainer,10
1094,tertainment,15
1095,response,29
1096,ad,30
1097,austrailian,5
1098,wildlife,30
1099,decomposing,5
1100,composer,79
1101,highland,5
1102,bling,5
1103,international,83
1104,week,15
1105,symbol,82
1106,dino,5
1107,hispanic,5
1108,watch,23
1109,backwards,15
1110,indoors,10
1111,seller,8
1112,cheer,9
1113,kit,5
1114,faith,15
1115,accessory,10
1116,alfalfa,5
1117,aye,13
1118,admiral,5
1119,exactly,5
1120,superhero,24
1121,supporting,40
1122,ruin,5
1123,homeland,5
1124,light,15
1125,spoken,5
1126,grammy,25
1127,nba,45
1128,metropolitan,20
1129,abbrevs,7
1130,ai,5
1131,marco,5
1132,model,18
1133,consciousness,5
1134,polo,5
1135,recipe,5
1136,secretary,29
1137,stream,12
1138,found,45
1139,classroom,5
1140,correct,12
1141,famers,30
1142,whole,30
1143,pirate,20
1144,favorite,39
1145,provide,5
1146,act,30
1147,eastern,19
1148,hemisphere,25
1149,alma,15
1150,mater,15
1151,broke,5
1152,tuber,4
1153,schwarzenegger,5
1154,herstory,10
1155,chinese,25
1156,computer,32
1157,corporate,10
1158,logo,54
1159,europe,44
1160,master,40
1161,disguise,5
1162,psychology,29
1163,differ,10
1164,fish,37
1165,pencil,5
1166,mania,10
1167,potluck,5
1168,play,177
1169,saturday,15
1170,night,45
1171,live,44
1172,society,20
1173,biz,32
1174,commonwealth,5
1175,grand,30
1176,slam,10
1177,everyone,10
1178,dug,5
1179,fowl,10
1180,inaugural,13
1181,address,15
1182,gambling,10
1183,vega,10
1184,grave,19
1185,power,38
1186,hitter,5
1187,uizzical,5
1188,medal,35
1189,freedom,15
1190,recipient,20
1191,frenzy,5
1192,lyft,5
1193,uber,5
1194,trophy,10
1195,marvel,5
1196,marvelous,5
1197,fluff,5
1198,catch,20
1199,quechua,5
1200,notable,30
1201,placemat,5
1202,nada,5
1203,chocolate,10
1204,arm,15
1205,fencing,9
1206,hidden,14
1207,genius,19
1208,sea,43
1209,chicago,19
1210,house,106
1211,shallow,5
1212,thought,30
1213,back,88
1214,politician,30
1215,dave,5
1216,sheepish,5
1217,letterman,3
1218,puppet,10
1219,killing,10
1220,monument,20
1221,true,40
1222,library,59
1223,planetary,10
1224,peace,30
1225,corp,10
1226,fly,35
1227,wait,10
1228,er,10
1229,window,13
1230,treatment,3
1231,animated,40
1232,cave,20
1233,equal,5
1234,anniversary,39
1235,dominica,3
1236,rookie,5
1237,uge,5
1238,gilded,10
1239,bond,52
1240,entertaining,30
1241,occupation,30
1242,lighthouse,18
1243,bit,45
1244,similar,5
1245,explorer,35
1246,club,35
1247,partner,15
1248,lichen,5
1249,asy,5
1250,liberal,10
1251,comma,5
1252,sympathizer,5
1253,gym,10
1254,james,46
1255,jessica,5
1256,maritime,5
1257,flag,81
1258,convenience,5
1259,puerto,15
1260,rican,5
1261,beatle,10
1262,vaudeville,5
1263,avian,10
1264,koan,3
1265,natural,15
1266,wonder,30
1267,numeral,15
1268,almanac,15
1269,brother,24
1270,constellation,25
1271,killer,13
1272,liszt,10
1273,photography,20
1274,roll,40
1275,quintet,5
1276,span,10
1277,thou,5
1278,deb,5
1279,battle,65
1280,cheesy,10
1281,gardening,14
1282,center,44
1283,republic,5
1284,quotation,60
1285,turkish,9
1286,delight,9
1287,network,25
1288,dome,13
1289,cia,10
1290,earning,5
1291,female,93
1292,microsoft,3
1293,direction,15
1294,pen,10
1295,come,72
1296,four,5
1297,breakfast,23
1298,cereal,13
1299,european,124
1300,general,48
1301,help,10
1302,skimming,5
1303,magazine,63
1304,special,25
1305,unfortunate,5
1306,fallen,10
1307,view,15
1308,bridge,58
1309,macarthur,10
1310,grant,10
1311,poison,10
1312,coming,33
1313,cast,50
1314,away,5
1315,footwear,10
1316,epic,10
1317,jacques,5
1318,cousteau,5
1319,thousand,10
1320,playing,74
1321,conservative,20
1322,bookshelf,30
1323,ghostly,5
1324,oh,85
1325,stringed,10
1326,oc,5
1327,businessman,4
1328,southwest,5
1329,flat,20
1330,beta,5
1331,test,54
1332,bluesy,5
1333,differing,5
1334,famous,100
1335,greeting,5
1336,edinburgh,5
1337,oil,10
1338,pocket,10
1339,z,85
1340,architecture,43
1341,building,53
1342,decoding,5
1343,hitmaking,5
1344,grain,9
1345,insect,10
1346,newer,10
1347,ballot,5
1348,preposition,15
1349,bestseller,86
1350,investment,8
1351,bay,17
1352,pretty,15
1353,jean,10
1354,pool,10
1355,william,15
1356,harrison,5
1357,bold,10
1358,goer,5
1359,jazz,6
1360,le,20
1361,restaurant,5
1362,splendide,5
1363,posthumous,5
1364,publishing,5
1365,profile,5
1366,squat,5
1367,telecommunication,5
1368,anti,5
1369,human,29
1370,tune,43
1371,irish,25
1372,deity,5
1373,collage,5
1374,columbia,5
1375,studio,10
1376,paramount,5
1377,universal,9
1378,warner,5
1379,bros,5
1380,fighting,10
1381,barnacle,5
1382,current,35
1383,biography,65
1384,festival,25
1385,nfl,54
1386,en,30
1387,español,5
1388,tricky,5
1389,complete,35
1390,fungi,4
1391,toy,45
1392,rv,5
1393,mythtake,15
1394,side,15
1395,ook,8
1396,replacement,3
1397,basic,10
1398,pro,41
1399,blinded,5
1400,thick,4
1401,brick,4
1402,walk,25
1403,company,45
1404,win,5
1405,cabinet,57
1406,cry,20
1407,baltimore,5
1408,jack,15
1409,organized,4
1410,labor,23
1411,precious,5
1412,gem,33
1413,headline,19
1414,w,47
1415,cook,10
1416,party,55
1417,full,14
1418,question,20
1419,hot,30
1420,amerca,5
1421,open,3
1422,podcast,8
1423,door,8
1424,hal,3
1425,march,18
1426,ru,15
1427,air,23
1428,included,6
1429,ticket,5
1430,paraguay,5
1431,sentence,5
1432,election,24
1433,gymnosperm,5
1434,walter,9
1435,scott,4
1436,johnny,32
1437,hy,5
1438,clock,3
1439,edible,25
1440,soothes,5
1441,nationalitease,5
1442,oceania,4
1443,playwright,41
1444,celebs,22
1445,month,35
1446,summing,5
1447,savage,5
1448,hitmakers,20
1449,audition,5
1450,mustache,5
1451,narrow,9
1452,enemy,5
1453,patch,5
1454,ific,5
1455,straight,44
1456,watery,5
1457,amusement,4
1458,theme,26
1459,park,91
1460,becky,5
1461,hair,15
1462,box,20
1463,champ,19
1464,decade,50
1465,elemental,10
1466,declaration,14
1467,right,78
1468,cute,2
1469,hedgehog,2
1470,trio,10
1471,stringing,5
1472,along,30
1473,supreme,42
1474,court,52
1475,han,10
1476,cover,46
1477,sturbridge,5
1478,village,5
1479,left,27
1480,valley,13
1481,small,25
1482,cliche,25
1483,object,24
1484,plus,20
1485,standup,5
1486,depression,10
1487,synopsis,10
1488,boat,20
1489,boating,10
1490,x,55
1491,thomas,7
1492,swear,5
1493,tennessee,10
1494,northernmost,10
1495,franchise,15
1496,writes,19
1497,cultural,5
1498,eracy,5
1499,pritzker,3
1500,wear,25
1501,spy,33
1502,dreaded,4
1503,spelling,51
1504,businessmen,5
1505,abbreviated,25
1506,begin,35
1507,droppin,5
1508,beet,5
1509,fine,10
1510,feathered,10
1511,debatable,5
1512,proverb,18
1513,v,65
1514,ocabulary,20
1515,alphanumerically,5
1516,municipal,5
1517,tribute,10
1518,slamilton,5
1519,poise,5
1520,quelt,5
1521,fee,5
1522,fi,10
1523,fo,5
1524,fum,5
1525,globetrotting,5
1526,khan,10
1527,el,15
1528,ements,5
1529,wo,15
1530,funkytown,5
1531,cemetery,10
1532,geology,18
1533,slice,5
1534,absentia,5
1535,lead,24
1536,pizza,20
1537,jenny,3
1538,ending,35
1539,geographer,15
1540,agency,15
1541,mtv,15
1542,roamin,5
1543,romania,10
1544,serious,15
1545,hardware,5
1546,sociology,10
1547,aboot,5
1548,essay,5
1549,financial,10
1550,literacy,10
1551,observance,39
1552,leonardo,5
1553,dicaprio,10
1554,grad,5
1555,fr,5
1556,ta,5
1557,cram,5
1558,six,15
1559,foot,9
1560,studying,5
1561,abroad,10
1562,marquee,15
1563,ingredient,15
1564,pull,13
1565,fall,10
1566,liquid,10
1567,halo,5
1568,sky,22
1569,proverbial,10
1570,county,37
1571,elder,5
1572,scroll,5
1573,review,15
1574,uncharted,5
1575,ev,5
1576,erything,5
1577,police,20
1578,yard,5
1579,sale,13
1580,afraid,15
1581,anyway,10
1582,find,19
1583,em,5
1584,fantastic,10
1585,free,15
1586,madam,5
1587,nutrition,10
1588,spinning,5
1589,statue,15
1590,assessment,5
1591,boot,10
1592,captain,38
1593,eye,29
1594,booker,2
1595,industry,5
1596,puzzler,20
1597,doo,10
1598,balancing,5
1599,analys,5
1600,host,39
1601,midwest,14
1602,uncrowned,5
1603,monarch,20
1604,traveler,5
1605,ester,5
1606,parade,10
1607,appearance,5
1608,antarctica,3
1609,deep,13
1610,devil,13
1611,mind,24
1612,warthog,5
1613,far,19
1614,dale,10
1615,sailor,5
1616,robert,8
1617,louis,20
1618,stevenson,3
1619,hornet,3
1620,sheet,10
1621,professor,3
1622,chump,5
1623,pyramid,5
1624,quizine,9
1625,shooting,5
1626,date,30
1627,ball,35
1628,adjectival,10
1629,description,5
1630,married,20
1631,grows,5
1632,lao,4
1633,outta,15
1634,testament,30
1635,candy,25
1636,bar,24
1637,heroine,5
1638,must,25
1639,learning,10
1640,risd,5
1641,flora,10
1642,fauna,15
1643,ounties,5
1644,die,24
1645,geometric,5
1646,shape,35
1647,tag,15
1648,geneva,3
1649,convention,8
1650,lotsa,5
1651,luck,15
1652,con,19
1653,text,15
1654,emmy,45
1655,triple,40
1656,feature,29
1657,odd,34
1658,combined,5
1659,scrambled,23
1660,keg,5
1661,shade,20
1662,read,42
1663,ceramic,5
1664,footstep,5
1665,shellfish,5
1666,castle,5
1667,scale,5
1668,running,18
1669,hotel,38
1670,mt,5
1671,lushmore,5
1672,me,5
1673,dad,29
1674,bod,4
1675,keyboard,10
1676,organ,20
1677,speak,30
1678,goal,5
1679,dress,10
1680,yas,5
1681,australiana,5
1682,product,15
1683,hbo,9
1684,humanitarian,5
1685,missing,30
1686,gam,5
1687,bishop,10
1688,beautiful,25
1689,variety,5
1690,predict,10
1691,horoscope,5
1692,bateman,3
1693,brazilian,10
1694,cuisine,29
1695,noise,10
1696,thriller,10
1697,suspense,5
1698,revolution,39
1699,probably,5
1700,think,20
1701,rita,5
1702,moreno,5
1703,done,40
1704,known,20
1705,nato,23
1706,shark,9
1707,chemical,35
1708,element,99
1709,rearing,5
1710,fair,30
1711,monty,10
1712,uruguay,5
1713,cabernet,3
1714,single,15
1715,babylon,5
1716,homonym,5
1717,twin,5
1718,lego,10
1719,acation,5
1720,dumb,5
1721,saying,15
1722,humanoid,1
1723,germany,20
1724,interview,5
1725,marie,5
1726,genre,10
1727,peek,5
1728,paranormal,5
1729,geographic,93
1730,social,13
1731,neil,9
1732,degrasse,9
1733,tyson,9
1734,tom,35
1735,gerund,5
1736,iterature,15
1737,consideration,5
1738,praised,5
1739,soviet,10
1740,union,25
1741,governed,5
1742,anagrammed,37
1743,coast,10
1744,doctored,5
1745,dove,5
1746,forever,10
1747,gummelier,5
1748,soap,13
1749,ante,10
1750,um,10
1751,billy,5
1752,idol,5
1753,emergency,10
1754,knowledge,45
1755,siriusxm,5
1756,radio,30
1757,directed,20
1758,extreme,15
1759,marshal,10
1760,rose,30
1761,edge,5
1762,balm,5
1763,fond,5
1764,farewell,5
1765,congress,38
1766,give,38
1767,fig,5
1768,physic,29
1769,scandinavian,10
1770,sculpture,40
1771,tist,5
1772,masked,5
1773,working,46
1774,railroad,10
1775,summary,15
1776,built,5
1777,santa,23
1778,claus,5
1779,sleeve,3
1780,pardon,5
1781,rhymin,5
1782,simon,15
1783,heart,32
1784,meet,30
1785,beagle,5
1786,nicaragua,5
1787,town,78
1788,guest,5
1789,loser,10
1790,spell,19
1791,wedding,17
1792,reception,2
1793,debuted,5
1794,cockle,5
1795,muscle,5
1796,glory,15
1797,highest,15
1798,cheerleading,5
1799,earth,75
1800,became,10
1801,toward,5
1802,j,32
1803,feather,10
1804,everything,30
1805,serving,10
1806,dinner,20
1807,standing,5
1808,stylings,5
1809,gilbert,10
1810,deck,5
1811,landlocked,10
1812,bennett,5
1813,december,5
1814,gasoline,5
1815,numeric,10
1816,opposite,18
1817,abolitionist,5
1818,movement,20
1819,trust,5
1820,unusual,20
1821,western,24
1822,write,40
1823,etter,5
1824,ruler,20
1825,moving,15
1826,tail,5
1827,tale,30
1828,texas,40
1829,ocean,20
1830,zero,18
1831,hate,15
1832,playa,5
1833,franco,5
1834,agreement,5
1835,much,13
1836,bigger,10
1837,breadbox,10
1838,representin,10
1839,stick,10
1840,criminal,10
1841,joel,5
1842,shorties,5
1843,whaling,4
1844,lot,15
1845,ceo,20
1846,feel,20
1847,burn,10
1848,fruity,10
1849,pitcher,10
1850,theft,5
1851,liquor,8
1852,point,65
1853,series,43
1854,computing,5
1855,cornerstone,5
1856,dam,9
1857,shining,20
1858,hell,5
1859,leaning,5
1860,training,5
1861,winning,7
1862,samantha,5
1863,mer,5
1864,idian,5
1865,condiment,4
1866,unreal,4
1867,estate,14
1868,ton,10
1869,another,24
1870,bear,14
1871,deeper,4
1872,debt,8
1873,equipment,5
1874,store,15
1875,erie,5
1876,canal,10
1877,continent,15
1878,poisonables,3
1879,seasonal,5
1880,mm,20
1881,ee,5
1882,butterfly,5
1883,gloria,10
1884,hallelujah,4
1885,highway,25
1886,byway,24
1887,seal,15
1888,cleveland,5
1889,contemporary,25
1890,unk,10
1891,gone,25
1892,fishing,10
1893,palindrome,18
1894,windy,2
1895,project,7
1896,november,10
1897,lphabetical,5
1898,agriculture,18
1899,career,10
1900,code,40
1901,online,20
1902,quarter,15
1903,slanguage,5
1904,stormy,5
1905,peanut,5
1906,butter,10
1907,sunday,10
1908,southern,15
1909,colonial,15
1910,hobby,10
1911,pastime,5
1912,looking,15
1913,manic,4
1914,pixel,4
1915,dream,4
1916,girl,9
1917,explodes,5
1918,voice,29
1919,ping,5
1920,artiste,5
1921,ewww,4
1922,gross,4
1923,inanimate,5
1924,pluralize,5
1925,shut,5
1926,alphabetic,10
1927,ceremony,18
1928,dance,51
1929,endangered,5
1930,smithsonian,23
1931,zoo,25
1932,crime,50
1933,togo,5
1934,aka,10
1935,sang,10
1936,checking,8
1937,angle,15
1938,alaska,15
1939,motor,5
1940,vehicle,15
1941,never,25
1942,bored,10
1943,board,29
1944,fault,10
1945,texting,10
1946,reeding,10
1947,schooling,5
1948,taking,24
1949,sat,5
1950,row,17
1951,teen,20
1952,chronicle,10
1953,narnia,5
1954,jargon,5
1955,admirable,5
1956,born,68
1957,ff,5
1958,gooey,5
1959,happened,30
1960,messed,5
1961,change,40
1962,reference,20
1963,oxymoronic,10
1964,olympics,10
1965,usn,5
1966,comfort,10
1967,ready,30
1968,shop,30
1969,punning,5
1970,meryl,5
1971,streep,5
1972,lie,17
1973,clause,9
1974,geograph,10
1975,ia,25
1976,buck,20
1977,fantasy,15
1978,maurice,5
1979,discover,15
1980,astronomical,5
1981,advertising,30
1982,kiss,10
1983,nascar,15
1984,driver,5
1985,seat,15
1986,reptile,15
1987,awful,5
1988,grimm,10
1989,rand,5
1990,fox,5
1991,frog,10
1992,toad,5
1993,order,25
1994,unknown,10
1995,soldier,5
1996,bunch,10
1997,bologna,5
1998,youth,10
1999,bing,5
2000,halloween,15
2001,fore,5
2002,garden,18
2003,hired,5
2004,fired,5
2005,initialiterature,5
2006,legal,30
2007,sock,10
2008,hole,5
2009,apocalypse,5
2010,connection,5
2011,renewable,5
2012,energy,15
2013,blind,5
2014,arch,5
2015,madness,10
2016,ities,10
2017,icon,15
2018,empty,5
2019,nest,5
2020,batman,5
2021,junior,5
2022,memory,10
2023,browning,5
2024,boston,18
2025,mister,15
2026,oopsies,10
2027,hodgepodge,54
2028,signature,15
2029,moment,5
2030,mcpeople,5
2031,dewey,9
2032,justin,5
2033,timberlake,5
2034,carolina,10
2035,historically,5
2036,iv,5
2037,mystery,50
2038,whatsamatta,5
2039,breaking,5
2040,etiquette,15
2041,cognito,5
2042,scene,16
2043,gig,5
2044,economy,10
2045,golden,15
2046,soprano,5
2047,veep,18
2048,bette,3
2049,midler,3
2050,medley,3
2051,vegetable,32
2052,sun,32
2053,fourth,13
2054,prefecture,4
2055,japan,4
2056,senate,10
2057,committee,5
2058,ile,5
2059,revolutionary,29
2060,crossed,3
2061,waltz,3
2062,resting,20
2063,rolling,3
2064,stone,18
2065,tarantino,5
2066,explains,5
2067,discouraging,5
2068,range,21
2069,wheel,24
2070,watcher,5
2071,planet,40
2072,buy,10
2073,seldom,5
2074,heard,10
2075,imprisoned,5
2076,grammys,20
2077,peach,10
2078,ne,5
2079,repetitive,3
2080,tropic,10
2081,cancer,5
2082,subtraction,3
2083,dawn,10
2084,til,5
2085,dusk,5
2086,horrible,5
2087,conclusion,5
2088,lab,10
2089,london,28
2090,terminology,10
2091,traveling,25
2092,poetic,26
2093,circus,4
2094,performer,17
2095,prepositional,5
2096,case,10
2097,step,5
2098,transportation,48
2099,ariel,5
2100,bartlett,19
2101,familial,15
2102,memoir,22
2103,china,15
2104,trailer,5
2105,issue,10
2106,late,40
2107,obvious,5
2108,clever,10
2109,somewhere,9
2110,fare,5
2111,homophonic,25
2112,duo,10
2113,different,27
2114,forest,20
2115,bessemer,5
2116,mucho,5
2117,businesspeople,5
2118,dentist,5
2119,chair,13
2120,discrimination,5
2121,carnegie,5
2122,diamond,10
2123,grate,5
2124,diary,19
2125,shoot,3
2126,moon,25
2127,app,10
2128,redhead,5
2129,herbert,5
2130,hoover,5
2131,explicable,5
2132,scandinavia,5
2133,bat,15
2134,corvette,5
2135,prince,10
2136,theatre,30
2137,mento,2
2138,exit,15
2139,gift,20
2140,folk,34
2141,interjecting,5
2142,interjection,9
2143,hitmaker,5
2144,mission,10
2145,lineup,10
2146,spice,15
2147,sudan,4
2148,impact,4
2149,wish,10
2150,communi,5
2151,ation,10
2152,colón,3
2153,process,10
2154,intoxicating,5
2155,memorial,25
2156,expiration,5
2157,battleship,5
2158,september,15
2159,ireland,5
2160,talking,27
2161,grillin,5
2162,chillin,5
2163,composition,2
2164,depressing,5
2165,honorary,8
2166,harlem,3
2167,globetrotter,3
2168,onomatopoetic,4
2169,monaco,5
2170,mouse,14
2171,equine,5
2172,ginger,5
2173,scary,5
2174,wald,5
2175,adverb,25
2176,neighborhood,10
2177,hoosier,5
2178,electric,10
2179,log,10
2180,novelist,28
2181,foo,10
2182,learn,5
2183,polysyllabic,5
2184,teasing,5
2185,tequila,10
2186,daddy,9
2187,connecticut,10
2188,hi,21
2189,july,20
2190,grey,5
2191,area,30
2192,chart,20
2193,road,33
2194,scholar,10
2195,eel,5
2196,hamburger,10
2197,joint,5
2198,petite,5
2199,dejeuner,5
2200,dramatist,5
2201,anatomy,39
2202,rank,29
2203,swedish,10
2204,snl,10
2205,crack,5
2206,californ,5
2207,giant,15
2208,jet,4
2209,post,24
2210,haste,5
2211,definition,39
2212,botony,5
2213,prime,25
2214,minister,20
2215,symbolic,10
2216,taxonomic,5
2217,parallel,5
2218,maori,5
2219,apple,15
2220,harsh,5
2221,catherine,5
2222,reno,3
2223,centration,5
2224,daylight,5
2225,saving,5
2226,mistake,27
2227,dane,5
2228,symphony,10
2229,orchestra,5
2230,united,15
2231,central,20
2232,leftover,18
2233,tickle,10
2234,auerbach,2
2235,cap,13
2236,alley,5
2237,autobiography,36
2238,sri,5
2239,lanka,5
2240,burglar,3
2241,vodka,5
2242,connect,5
2243,fitness,5
2244,exercise,10
2245,huge,5
2246,tract,5
2247,later,15
2248,conscience,5
2249,fund,5
2250,crusade,4
2251,worrier,5
2252,princess,5
2253,xenon,5
2254,ords,15
2255,brief,38
2256,thank,14
2257,margaret,5
2258,oprah,10
2259,came,20
2260,rachel,5
2261,couple,10
2262,hiding,5
2263,metaphor,15
2264,westminster,5
2265,mashups,10
2266,coastline,5
2267,elephant,15
2268,disaster,10
2269,leaguer,5
2270,americana,35
2271,ob,10
2272,usage,5
2273,milan,5
2274,prequels,10
2275,sequel,20
2276,carlos,5
2277,apps,5
2278,adele,5
2279,pet,10
2280,together,15
2281,produce,20
2282,thrilled,5
2283,marrow,5
2284,ahead,5
2285,font,10
2286,isthmus,5
2287,missed,5
2288,titanic,5
2289,bradley,5
2290,cooper,10
2291,sizeable,5
2292,resort,5
2293,aaron,4
2294,reign,18
2295,iscellany,5
2296,aircraft,5
2297,canadiana,4
2298,elli,5
2299,kitchen,25
2300,defined,10
2301,beauty,15
2302,collection,6
2303,gulf,10
2304,noah,5
2305,webster,10
2306,catcher,5
2307,phone,5
2308,cl,5
2309,assical,5
2310,uck,5
2311,ivy,10
2312,ig,4
2313,anthropology,15
2314,wave,15
2315,drinking,10
2316,vessel,5
2317,course,15
2318,interwebs,5
2319,plot,20
2320,monitor,5
2321,tumor,5
2322,kansa,10
2323,barbeque,5
2324,scan,5
2325,tarot,5
2326,would,15
2327,form,5
2328,front,10
2329,obscure,5
2330,nine,9
2331,hamilton,15
2332,noted,10
2333,rodent,5
2334,saxon,5
2335,wrong,15
2336,ez,12
2337,eagle,10
2338,echo,5
2339,cable,28
2340,charge,15
2341,lib,5
2342,eral,5
2343,legalize,4
2344,moderate,5
2345,anna,3
2346,al,10
2347,franken,5
2348,steel,4
2349,cdc,4
2350,reagan,9
2351,portuguese,2
2352,vote,1
2353,gad,5
2354,zooks,5
2355,figure,25
2356,distinction,5
2357,germania,2
2358,prez,5
2359,correction,5
2360,finish,20
2361,camera,5
2362,burro,5
2363,confused,10
2364,pronunciation,5
2365,string,5
2366,attached,10
2367,eatery,10
2368,appreciate,5
2369,tooting,5
2370,horn,15
2371,lion,9
2372,possessive,13
2373,jung,5
2374,mom,35
2375,gate,10
2376,firm,5
2377,africana,5
2378,detention,5
2379,shoe,30
2380,commandment,5
2381,subject,20
2382,core,14
2383,vitamin,5
2384,supplement,5
2385,search,5
2386,fancy,5
2387,father,19
2388,pasta,5
2389,ranching,5
2390,wonderful,10
2391,sydney,5
2392,knot,10
2393,tie,5
2394,whisker,10
2395,stuck,10
2396,viral,5
2397,thai,5
2398,mixed,25
2399,bag,30
2400,miscellany,5
2401,randomness,5
2402,hull,5
2403,gu,5
2404,bring,10
2405,arrow,5
2406,sing,45
2407,entomologist,5
2408,judean,5
2409,wor,5
2410,beer,30
2411,cairo,10
2412,experiment,10
2413,workout,5
2414,pei,5
2415,pay,19
2416,stable,5
2417,mary,35
2418,indirect,5
2419,thread,5
2420,sutter,7
2421,fort,12
2422,factor,20
2423,beatles,10
2424,gear,8
2425,po,10
2426,tation,5
2427,hunchback,5
2428,shared,5
2429,ability,5
2430,himalaya,5
2431,pepys,5
2432,assorted,5
2433,branded,5
2434,varnished,5
2435,thin,5
2436,scrabble,25
2437,player,20
2438,aztec,5
2439,clothes,5
2440,retired,5
2441,invertebrate,10
2442,demise,5
2443,none,5
2444,image,10
2445,dealer,5
2446,sensory,5
2447,tasty,18
2448,jingle,5
2449,hugo,5
2450,hydrology,5
2451,statuary,6
2452,pup,10
2453,quiz,25
2454,cellar,5
2455,victor,5
2456,backstage,5
2457,muir,10
2458,mineral,14
2459,toothpaste,7
2460,tuba,5
2461,substance,3
2462,brown,5
2463,republican,4
2464,swamped,5
2465,tarzan,5
2466,base,4
2467,cor,5
2468,y,10
2469,audra,5
2470,mcdonald,5
2471,container,5
2472,gang,5
2473,green,37
2474,halt,5
2475,playtime,5
2476,boozin,5
2477,limited,5
2478,met,5
2479,physiology,15
2480,millennium,5
2481,restless,5
2482,partial,15
2483,capture,5
2484,follow,5
2485,potato,8
2486,fest,10
2487,feline,5
2488,supper,5
2489,sham,5
2490,namesake,5
2491,phonetic,13
2492,alphabet,28
2493,peep,5
2494,baltic,3
2495,sake,5
2496,voila,5
2497,mel,10
2498,brook,5
2499,inner,10
2500,reader,15
2501,hitt,5
2502,ing,24
2503,idea,23
2504,ride,4
2505,shorthand,9
2506,dick,5
2507,sort,10
2508,sandwich,10
2509,diplomat,5
2510,fountain,10
2511,gershwin,1
2512,zealand,4
2513,detective,9
2514,dover,5
2515,exposure,10
2516,gon,20
2517,na,20
2518,ake,4
2519,higher,9
2520,submarine,5
2521,har,2
2522,jill,5
2523,navy,3
2524,ashore,3
2525,grip,4
2526,behavior,14
2527,wright,4
2528,tulip,5
2529,billion,10
2530,youtube,10
2531,buggy,5
2532,busted,9
2533,wurst,5
2534,tour,20
2535,ism,10
2536,detail,5
2537,polish,5
2538,algorithm,5
2539,method,10
2540,eople,5
2541,flowery,10
2542,tab,5
2543,glittering,5
2544,depp,2
2545,playboy,5
2546,really,15
2547,cooking,50
2548,rotten,8
2549,trouble,10
2550,fcc,5
2551,ooh,5
2552,shiny,5
2553,smart,20
2554,indian,10
2555,entrepreneur,5
2556,completes,22
2557,construction,10
2558,transport,25
2559,danger,15
2560,university,59
2561,engineering,10
2562,feat,5
2563,founder,9
2564,berry,10
2565,confuse,9
2566,doggone,5
2567,alamo,10
2568,ted,10
2569,profession,5
2570,trunk,5
2571,kauai,5
2572,scarlett,5
2573,johansson,5
2574,elvis,5
2575,handle,5
2576,reportage,5
2577,port,20
2578,rth,5
2579,leap,5
2580,nebraskan,5
2581,quota,4
2582,urban,5
2583,ray,5
2584,loanword,10
2585,prayer,5
2586,upstairs,5
2587,strike,20
2588,weird,10
2589,fy,5
2590,stephen,20
2591,brittany,5
2592,debut,25
2593,celebration,5
2594,gathering,5
2595,mythological,15
2596,hurry,5
2597,ae,5
2598,owe,5
2599,mirror,5
2600,nursery,20
2601,spear,5
2602,syfy,5
2603,share,5
2604,meal,5
2605,inventor,34
2606,iq,10
2607,archie,5
2608,morocco,5
2609,peel,5
2610,campaign,5
2611,thinking,15
2612,played,25
2613,bread,10
2614,gently,5
2615,ferguson,5
2616,desert,18
2617,pin,15
2618,pas,15
2619,slogan,25
2620,present,15
2621,unconventional,5
2622,warrior,5
2623,tomato,10
2624,borough,15
2625,alice,10
2626,gary,5
2627,anderson,5
2628,byzantine,4
2629,flightless,5
2630,lower,5
2631,yacht,4
2632,shot,15
2633,half,10
2634,calf,5
2635,soy,5
2636,starbuck,5
2637,tall,5
2638,foam,5
2639,simile,20
2640,literal,5
2641,netflix,5
2642,pot,5
2643,pan,10
2644,dropped,5
2645,expelled,5
2646,living,24
2647,mama,14
2648,peninsula,20
2649,aid,14
2650,strong,10
2651,misspelled,10
2652,ex,20
2653,sheer,5
2654,breathe,5
2655,coif,5
2656,murphy,5
2657,son,23
2658,maker,24
2659,witness,12
2660,archer,5
2661,roaring,15
2662,schwa,5
2663,vivre,5
2664,hospital,15
2665,geographical,10
2666,treaty,10
2667,always,31
2668,guard,5
2669,proud,5
2670,influential,5
2671,austria,5
2672,skillful,5
2673,zoology,5
2674,pun,15
2675,compost,5
2676,annals,5
2677,fern,5
2678,dwelling,5
2679,biv,5
2680,incredibly,5
2681,specific,5
2682,vow,10
2683,wr,5
2684,ap,14
2685,scream,5
2686,shout,10
2687,edition,10
2688,might,5
2689,surgery,15
2690,homer,7
2691,memoriam,5
2692,meaty,5
2693,percy,4
2694,whizz,5
2695,avenger,10
2696,fashionable,5
2697,canada,30
2698,majority,5
2699,accounting,4
2700,creation,5
2701,gallantly,5
2702,streaming,5
2703,bookstore,15
2704,proudly,3
2705,belize,5
2706,navidad,5
2707,nomination,5
2708,darn,4
2709,mann,4
2710,tinkerer,5
2711,former,15
2712,canvas,5
2713,honest,5
2714,abe,5
2715,swimming,5
2716,minneapolis,5
2717,palace,10
2718,paul,10
2719,horse,25
2720,spirit,5
2721,weekend,5
2722,wisconsin,5
2723,desire,5
2724,channel,5
2725,surfing,5
2726,knife,8
2727,showtime,5
2728,fragrant,5
2729,theory,25
2730,apollo,10
2731,antonym,13
2732,cleopatra,3
2733,build,10
2734,catchphrase,5
2735,dude,9
2736,abides,5
2737,flagged,5
2738,alexander,20
2739,kung,5
2740,fu,5
2741,populous,20
2742,doll,8
2743,leg,10
2744,lesser,5
2745,spokespeople,5
2746,xiv,2
2747,baron,10
2748,baroness,5
2749,dangerous,20
2750,downright,5
2751,lodge,5
2752,nom,20
2753,guerre,10
2754,letterhead,5
2755,wyoming,5
2756,feud,10
2757,newlywed,5
2758,opec,5
2759,challenge,5
2760,coach,10
2761,fortune,15
2762,prose,5
2763,ninth,5
2764,dwarf,14
2765,yu,5
2766,oughta,5
2767,venue,5
2768,colorully,5
2769,epi,5
2770,demic,5
2771,usic,5
2772,fightin,3
2773,dow,3
2774,thems,5
2775,zimbabwe,5
2776,asia,5
2777,coinage,5
2778,lop,5
2779,sided,5
2780,offbeat,5
2781,schoolhouse,5
2782,rag,5
2783,aviation,14
2784,boxer,5
2785,failed,3
2786,reel,5
2787,random,20
2788,rich,10
2789,sewing,3
2790,succession,4
2791,la,27
2792,kitty,5
2793,tea,14
2794,nurse,5
2795,trek,5
2796,roving,2
2797,sistine,5
2798,chapel,5
2799,silence,5
2800,bam,5
2801,pow,5
2802,brewing,5
2803,kiddy,30
2804,suv,5
2805,shopping,10
2806,simpson,10
2807,squirrel,5
2808,banking,10
2809,van,19
2810,emotional,5
2811,archaeology,19
2812,residence,5
2813,nhl,9
2814,ok,5
2815,elementary,15
2816,geogrpaphic,5
2817,grab,10
2818,martin,4
2819,buren,4
2820,measured,5
2821,nope,5
2822,australia,5
2823,elf,5
2824,grammer,5
2825,carol,5
2826,journal,9
2827,dewar,5
2828,decimal,14
2829,buzz,5
2830,station,10
2831,fabric,20
2832,textile,5
2833,mark,50
2834,globe,10
2835,parrot,10
2836,communist,5
2837,manifesto,5
2838,supermarket,5
2839,cart,5
2840,murder,5
2841,calendar,20
2842,supergroups,15
2843,cobbler,5
2844,medieval,20
2845,mart,5
2846,lingo,18
2847,parasite,2
2848,folio,5
2849,parliament,10
2850,lloyd,5
2851,trucking,5
2852,gap,5
2853,craigs,5
2854,frank,10
2855,sinatra,5
2856,hack,10
2857,pipe,5
2858,piper,5
2859,belief,5
2860,brookfield,5
2861,dice,5
2862,exprssions,5
2863,private,3
2864,pulling,15
2865,sargent,5
2866,trade,15
2867,ify,5
2868,alternative,4
2869,reggae,4
2870,mon,9
2871,moviego,5
2872,published,15
2873,posthumously,10
2874,chevy,4
2875,chase,4
2876,decoration,15
2877,lowest,10
2878,obituary,5
2879,napping,5
2880,kidnapping,4
2881,romance,14
2882,tourist,5
2883,physicist,5
2884,breakup,5
2885,collector,5
2886,econ,10
2887,eu,5
2888,loud,5
2889,makeup,5
2890,caldecott,5
2891,rime,5
2892,feta,3
2893,compli,3
2894,ballplayer,1
2895,continue,5
2896,sendoff,5
2897,ship,28
2898,bountiful,4
2899,thanks,10
2900,parker,3
2901,measuring,10
2902,dom,5
2903,et,5
2904,ymology,5
2905,crow,5
2906,device,10
2907,rick,5
2908,rolled,5
2909,article,10
2910,confederation,5
2911,superlative,10
2912,ask,5
2913,nearest,5
2914,hippie,5
2915,wild,18
2916,yonder,4
2917,miami,10
2918,aussie,10
2919,wearable,5
2920,uv,10
2921,protection,5
2922,jewelry,5
2923,sink,5
2924,block,5
2925,dinosaur,20
2926,sounding,10
2927,veteran,15
2928,whodunit,5
2929,historia,5
2930,rarely,5
2931,quoted,10
2932,timeline,20
2933,ant,10
2934,autological,5
2935,tudor,5
2936,tutor,5
2937,main,30
2938,fit,10
2939,mile,5
2940,east,25
2941,superheroes,5
2942,mytholo,5
2943,executive,5
2944,descartes,5
2945,counting,5
2946,falling,5
2947,naming,9
2948,uthors,5
2949,nay,5
2950,sci,5
2951,bomb,10
2952,uncle,5
2953,hopping,10
2954,structure,10
2955,outside,5
2956,bach,10
2957,cu,10
2958,francaise,5
2959,mortal,10
2960,soda,5
2961,dynasty,10
2962,chess,15
2963,despicable,5
2964,minion,5
2965,visiting,5
2966,italy,5
2967,cryptic,10
2968,dante,5
2969,divine,10
2970,passing,5
2971,solar,19
2972,feminist,5
2973,oklahoma,5
2974,rhyming,15
2975,gothic,5
2976,sher,4
2977,lunar,5
2978,urge,10
2979,merge,5
2980,capsule,5
2981,commerce,3
2982,force,18
2983,purple,5
2984,adventure,9
2985,onomatopoeia,4
2986,contrary,5
2987,aesop,5
2988,asap,5
2989,para,5
2990,dise,5
2991,mail,5
2992,mint,15
2993,condition,5
2994,heaven,5
2995,ab,5
2996,solutely,5
2997,costume,20
2998,jungle,8
2999,administer,5
3000,rah,5
3001,subtitle,15
3002,concert,5
3003,neo,5
3004,geo,5
3005,olivia,5
3006,translate,10
3007,approximate,7
3008,oon,5
3009,banana,7
3010,enchantment,5
3011,mexico,10
3012,lin,5
3013,sanity,5
3014,menagerie,5
3015,high,68
3016,tension,5
3017,competition,5
3018,transmission,5
3019,curry,10
3020,dish,10
3021,stratagem,4
3022,looney,5
3023,steph,5
3024,downtown,5
3025,cabbie,5
3026,masterpiece,14
3027,mover,10
3028,shaker,10
3029,bet,5
3030,timely,5
3031,tiber,5
3032,hemingway,5
3033,hope,5
3034,nonprofit,5
3035,preamble,5
3036,apital,9
3037,hologram,4
3038,herb,5
3039,hymn,10
3040,hampshire,5
3041,ur,5
3042,ette,5
3043,inductee,1
3044,brute,5
3045,eh,10
3046,cookbook,10
3047,geometry,18
3048,egorical,5
3049,achievement,5
3050,beat,5
3051,drum,5
3052,curse,3
3053,disease,9
3054,control,4
3055,prevention,4
3056,demonstration,3
3057,reordering,5
3058,factbook,5
3059,tuesday,5
3060,painting,15
3061,seussical,5
3062,sure,10
3063,blood,15
3064,remembers,4
3065,tributary,5
3066,winter,5
3067,vatican,5
3068,representative,5
3069,vwllss,9
3070,wrld,4
3071,cptls,4
3072,peabody,5
3073,sherman,5
3074,wrote,18
3075,nobility,4
3076,un,5
3077,sword,5
3078,could,15
3079,diet,14
3080,akas,10
3081,stat,10
3082,wonderland,10
3083,hip,3
3084,cycle,5
3085,analysis,5
3086,ville,8
3087,paging,10
3088,freud,5
3089,beginning,20
3090,global,14
3091,cellent,5
3092,happiness,5
3093,qbs,5
3094,gray,10
3095,inside,25
3096,jesus,10
3097,painted,5
3098,bop,5
3099,hairless,5
3100,yosemite,5
3101,botanist,5
3102,grecian,5
3103,earn,5
3104,ode,10
3105,qeii,5
3106,brady,5
3107,ooks,5
3108,remake,5
3109,raise,5
3110,vo,15
3111,cab,5
3112,ulary,5
3113,sh,15
3114,mess,18
3115,goin,10
3116,jackson,5
3117,hopeful,5
3118,item,14
3119,expo,5
3120,egg,9
3121,low,14
3122,persecuted,5
3123,release,4
3124,ound,4
3125,campus,15
3126,haiku,10
3127,gas,10
3128,shell,7
3129,wrap,5
3130,mar,5
3131,merrier,5
3132,norman,15
3133,viking,5
3134,glow,5
3135,kindle,5
3136,nook,5
3137,public,10
3138,domain,9
3139,ringtones,5
3140,replica,4
3141,dystopian,5
3142,raters,2
3143,rate,2
3144,detergent,5
3145,non,5
3146,montana,10
3147,skin,10
3148,yipes,5
3149,racing,9
3150,ground,5
3151,fiber,5
3152,deathmatch,5
3153,naturalization,3
3154,oath,8
3155,hollywood,13
3156,goddess,15
3157,wealth,5
3158,vine,1
3159,djectives,5
3160,daytime,5
3161,steve,7
3162,active,5
3163,worth,5
3164,critterature,5
3165,ring,15
3166,stanley,5
3167,tucci,5
3168,sod,5
3169,christian,10
3170,denomination,5
3171,comedic,5
3172,motown,5
3173,extension,4
3174,blitz,5
3175,parish,3
3176,louisiana,3
3177,civics,5
3178,ictionary,5
3179,pony,10
3180,savvy,5
3181,templar,5
3182,apostolic,5
3183,security,14
3184,commission,5
3185,somerset,5
3186,maugham,5
3187,newsmakers,10
3188,beach,15
3189,tennis,20
3190,woodrow,5
3191,wilson,5
3192,fourteen,5
3193,fad,9
3194,jules,5
3195,verne,5
3196,oxford,10
3197,travelin,5
3198,watergate,10
3199,pat,10
3200,inspired,15
3201,solve,25
3202,princely,5
3203,sophocles,5
3204,euripides,5
3205,aeschylus,5
3206,transition,5
3207,belt,5
3208,clothing,23
3209,moderne,5
3210,akes,5
3211,acid,5
3212,sporting,4
3213,ivers,4
3214,monastery,5
3215,spock,5
3216,dodo,5
3217,orm,5
3218,bike,5
3219,brownian,5
3220,notion,5
3221,hurricane,5
3222,tornado,5
3223,cyclone,5
3224,snow,15
3225,rainy,10
3226,mongol,5
3227,metal,15
3228,signer,5
3229,injury,5
3230,roid,5
3231,rage,13
3232,comparing,5
3233,return,10
3234,wood,10
3235,leonard,5
3236,nimoy,5
3237,prosper,5
3238,formula,3
3239,sad,15
3240,artful,5
3241,roger,5
3242,victory,5
3243,boozetown,5
3244,agatha,5
3245,christie,5
3246,fewer,5
3247,flight,5
3248,shoulda,4
3249,contender,4
3250,material,10
3251,internal,10
3252,shadow,5
3253,exhibition,5
3254,philosophic,5
3255,phil,10
3256,lend,10
3257,ear,30
3258,superathletes,5
3259,romeo,5
3260,juliet,5
3261,illness,5
3262,charleston,10
3263,designer,15
3264,feelin,5
3265,gru,5
3266,vy,5
3267,france,10
3268,salt,3
3269,pepper,3
3270,us,13
3271,cod,5
3272,armed,13
3273,iceland,5
3274,package,5
3275,marquis,5
3276,lafayette,5
3277,zip,5
3278,sta,5
3279,pickled,5
3280,sao,5
3281,tome,5
3282,principe,5
3283,penguin,5
3284,oxygen,5
3285,lotta,5
3286,arithmetic,5
3287,daisy,5
3288,crazy,10
3289,containing,5
3290,sy,5
3291,llable,5
3292,alphanumerics,10
3293,discography,5
3294,sand,8
3295,territory,5
3296,san,20
3297,francisco,10
3298,annelid,4
3299,forward,5
3300,drifter,5
3301,indoor,3
3302,outdoor,3
3303,desolation,5
3304,smog,5
3305,bouquet,3
3306,fiorello,5
3307,laguardia,5
3308,alum,5
3309,endeavor,5
3310,jersey,10
3311,cheese,5
3312,photo,4
3313,saw,15
3314,internet,20
3315,tru,5
3316,suggest,5
3317,ology,5
3318,cuban,5
3319,five,15
3320,eatymology,5
3321,neck,5
3322,mba,5
3323,gallery,10
3324,tmi,5
3325,better,25
3326,saul,5
3327,grisham,10
3328,crichton,5
3329,clancy,5
3330,historian,5
3331,royalty,15
3332,pullin,5
3333,burg,10
3334,information,13
3335,discovery,13
3336,arthur,15
3337,credit,6
3338,due,13
3339,differs,10
3340,hairmageddon,5
3341,calling,14
3342,virgin,5
3343,jones,5
3344,diploma,5
3345,ed,10
3346,cot,5
3347,katie,5
3348,couric,5
3349,possesives,5
3350,amphibian,5
3351,anymore,5
3352,strife,5
3353,groovy,5
3354,sho,5
3355,downloaded,5
3356,buffalo,4
3357,roam,4
3358,ea,5
3359,heavy,5
3360,lonely,4
3361,soft,15
3362,fifth,3
3363,colin,3
3364,firth,3
3365,drain,5
3366,flagon,5
3367,duke,20
3368,caltech,5
3369,orifice,5
3370,tip,10
3371,ementary,5
3372,fix,10
3373,meanwhile,5
3374,ranch,5
3375,ziggurat,5
3376,break,10
3377,cartoon,10
3378,hound,8
3379,entering,5
3380,moore,5
3381,ym,5
3382,beowulf,5
3383,tribe,5
3384,rea,5
3385,ago,38
3386,arachnid,5
3387,painter,20
3388,perfume,5
3389,murdered,5
3390,mishmash,9
3391,mediterranean,10
3392,sobriquet,5
3393,rub,5
3394,abbev,5
3395,gist,5
3396,amendment,10
3397,matthew,5
3398,mcconaughey,5
3399,pussycat,10
3400,portrait,10
3401,th,5
3402,potpour,5
3403,souvenir,5
3404,dakota,10
3405,surgical,5
3406,typographical,5
3407,patriot,10
3408,dostoyevsky,4
3409,grime,5
3410,punishment,5
3411,headquarters,10
3412,vwllssnss,4
3413,boxing,10
3414,wer,5
3415,reserve,3
3416,occult,5
3417,ebb,5
3418,flo,10
3419,knew,4
3420,debuting,5
3421,guardian,5
3422,twist,4
3423,galaxy,5
3424,alliterati,5
3425,charlie,4
3426,cow,10
3427,eternal,5
3428,dan,5
3429,cur,3
3430,iou,3
3431,sierra,5
3432,whiskey,10
3433,ockers,5
3434,charitable,5
3435,praisebook,5
3436,hang,10
3437,bull,5
3438,grew,3
3439,runway,5
3440,swell,5
3441,mightier,5
3442,vulcanology,3
3443,birthstones,10
3444,sondheim,5
3445,sens,4
3446,merman,5
3447,comedian,10
3448,moroccan,5
3449,goldberg,10
3450,deavour,5
3451,forebear,3
3452,tank,4
3453,amongst,5
3454,gilligan,10
3455,dragon,8
3456,morning,5
3457,smash,5
3458,janitor,5
3459,closet,5
3460,laura,5
3461,stacy,5
3462,grace,5
3463,illboard,5
3464,miller,10
3465,steppe,10
3466,spinach,5
3467,anchor,9
3468,paint,5
3469,dis,5
3470,army,10
3471,unnamed,5
3472,watercraft,3
3473,ph,4
3474,talon,5
3475,criminality,5
3476,rwanda,5
3477,equivalent,5
3478,utopia,5
3479,olo,5
3480,trick,5
3481,scaly,3
3482,critter,8
3483,voyage,5
3484,bounty,5
3485,warsaw,5
3486,pact,5
3487,presented,5
3488,cabulary,5
3489,heritage,15
3490,perferred,5
3491,plural,5
3492,indianapolis,5
3493,large,5
3494,liqueur,5
3495,nicolas,5
3496,cage,5
3497,bb,5
3498,czech,9
3499,nose,15
3500,throat,10
3501,imperialist,5
3502,montgomery,5
3503,pus,5
3504,thrilling,5
3505,millard,5
3506,fillmore,5
3507,whip,5
3508,artwork,10
3509,telling,5
3510,saved,5
3511,intrepid,5
3512,wordplay,9
3513,quisition,5
3514,sense,5
3515,style,10
3516,expect,5
3517,biggest,5
3518,sojourner,9
3519,bolivia,5
3520,bassist,5
3521,pantheon,15
3522,pleased,5
3523,meat,10
3524,cub,5
3525,obesity,5
3526,fatales,4
3527,milliner,5
3528,automotive,4
3529,versus,5
3530,flashback,5
3531,friday,5
3532,mealtime,5
3533,mississippi,9
3534,addition,5
3535,registry,15
3536,flour,4
3537,hut,5
3538,ube,5
3539,astrophysics,4
3540,fledermaus,4
3541,bank,5
3542,pedestal,5
3543,fed,5
3544,mount,10
3545,everest,5
3546,scaling,5
3547,dessert,15
3548,bottle,10
3549,easter,5
3550,wall,8
3551,false,5
3552,highlight,5
3553,bartending,5
3554,helena,10
3555,bonham,5
3556,carter,10
3557,lifestyle,5
3558,gadget,5
3559,carpet,4
3560,rug,8
3561,disco,5
3562,showbiz,4
3563,alter,13
3564,ego,13
3565,tax,15
3566,fin,4
3567,espaã,15
3568,ol,25
3569,parable,5
3570,gotten,5
3571,sixty,5
3572,size,5
3573,choreographer,5
3574,toronto,5
3575,facta,5
3576,morgana,5
3577,moniker,5
3578,pleasure,5
3579,coachella,5
3580,walnut,5
3581,quincy,5
3582,interrogative,1
3583,selfie,5
3584,russia,4
3585,skyfall,5
3586,interred,5
3587,kazakhstan,5
3588,meteorology,5
3589,occupational,14
3590,therapy,10
3591,soul,5
3592,commute,5
3593,caution,3
3594,deconstruction,3
3595,underway,3
3596,instrumental,4
3597,violence,10
3598,jealous,5
3599,set,15
3600,vaccine,5
3601,walking,5
3602,rainbow,15
3603,stopping,5
3604,uprising,5
3605,brought,5
3606,chain,5
3607,irates,5
3608,caribbean,30
3609,mustard,5
3610,poe,5
3611,scoop,10
3612,warbirds,5
3613,rough,5
3614,climate,5
3615,astrology,5
3616,everybody,20
3617,hannibal,5
3618,lecture,10
3619,healthy,10
3620,michelle,5
3621,obama,5
3622,tile,5
3623,turning,3
3624,reef,3
3625,twitter,5
3626,evening,10
3627,germ,5
3628,alias,10
3629,orogeny,3
3630,liter,5
3631,wearing,10
3632,without,5
3633,destructive,5
3634,inlet,3
3635,lawn,5
3636,care,33
3637,goof,5
3638,pea,10
3639,doggie,3
3640,ho,25
3641,laughable,5
3642,crimea,5
3643,driving,9
3644,borrowed,5
3645,india,10
3646,di,9
3647,quad,5
3648,northern,5
3649,salem,4
3650,witch,13
3651,trial,4
3652,venerable,5
3653,publisher,5
3654,crescent,5
3655,hitched,5
3656,machine,10
3657,marketing,10
3658,blend,5
3659,rest,5
3660,fought,5
3661,apathy,5
3662,bottom,10
3663,interior,5
3664,design,18
3665,lyricist,5
3666,phineas,4
3667,ferber,4
3668,secret,10
3669,recognition,4
3670,emerald,5
3671,bracket,5
3672,ncaa,4
3673,elite,5
3674,ate,5
3675,introduction,5
3676,prussia,5
3677,tva,5
3678,jolly,5
3679,lauren,4
3680,bacall,4
3681,explorin,5
3682,toot,5
3683,byron,5
3684,monster,5
3685,manual,5
3686,ux,5
3687,spouse,5
3688,drunk,5
3689,dancing,10
3690,snake,5
3691,chilly,5
3692,factobook,5
3693,brazil,5
3694,charcters,5
3695,fork,5
3696,erbs,5
3697,romanian,5
3698,ut,5
3699,drugstore,15
3700,catty,5
3701,innovative,5
3702,beyond,25
3703,skeleton,5
3704,crew,10
3705,tableware,1
3706,liberty,5
3707,postal,5
3708,elizabeth,3
3709,harlequin,4
3710,husky,5
3711,cougar,5
3712,charcter,5
3713,plastic,14
3714,bravo,4
3715,drawing,8
3716,crowd,3
3717,root,10
3718,spike,5
3719,gn,5
3720,narrative,5
3721,victoria,4
3722,commissioned,5
3723,reporting,10
3724,oceanography,5
3725,seussian,5
3726,keywords,5
3727,drinkeries,5
3728,vermont,5
3729,collect,5
3730,orld,5
3731,boring,5
3732,kidding,5
3733,australian,15
3734,mate,6
3735,fixing,5
3736,angel,15
3737,mascot,10
3738,postage,10
3739,marian,5
3740,negative,5
3741,bram,5
3742,stoker,5
3743,dropping,5
3744,es,5
3745,soon,5
3746,capitol,5
3747,briefing,5
3748,canne,5
3749,palme,5
3750,crossing,5
3751,equator,10
3752,duma,5
3753,guilty,5
3754,pablo,3
3755,picasso,3
3756,ballgame,10
3757,finance,10
3758,furnishing,5
3759,seed,5
3760,bud,5
3761,horsey,5
3762,leaf,5
3763,stem,5
3764,merry,5
3765,windsor,5
3766,communicate,5
3767,northwest,5
3768,renaissance,10
3769,oy,5
3770,textbook,5
3771,maine,10
3772,shake,5
3773,succinct,5
3774,silver,10
3775,mouthful,5
3776,rockin,5
3777,ce,5
3778,well,5
3779,d,5
3780,report,20
3781,basis,10
3782,wooden,5
3783,carry,5
3784,rocker,10
3785,calm,5
3786,liech,5
3787,medalist,5
3788,marching,5
3789,shaking,5
3790,hear,15
3791,pac,5
3792,narrator,5
3793,ountries,5
3794,enforcement,10
3795,dd,5
3796,emperor,5
3797,commissioner,3
3798,alison,5
3799,cnn,10
3800,collectible,4
3801,ire,5
3802,titan,5
3803,missile,5
3804,finnish,5
3805,oxymoron,5
3806,shakira,5
3807,interest,5
3808,cotton,5
3809,swift,9
3810,considered,5
3811,greece,5
3812,smaller,5
3813,rico,10
3814,atmosphere,5
3815,written,10
3816,fast,15
3817,cademy,5
3818,nominee,10
3819,mime,5
3820,carpe,5
3821,reservation,1
3822,fishy,10
3823,salad,5
3824,bowler,4
3825,atta,10
3826,weasel,5
3827,powerful,5
3828,transporter,5
3829,ch,5
3830,abulary,5
3831,aladdin,5
3832,boundary,5
3833,spain,10
3834,existentialism,5
3835,maiden,5
3836,heraldry,9
3837,odyssey,10
3838,forgiveness,5
3839,brr,10
3840,minnesota,4
3841,turk,5
3842,dropper,5
3843,arlington,5
3844,banjo,5
3845,coaching,5
3846,keeping,9
3847,punctuation,5
3848,urt,4
3849,yukon,5
3850,resistance,5
3851,utile,5
3852,lerner,5
3853,loewe,5
3854,metric,5
3855,ukraine,5
3856,strain,5
3857,birdie,8
3858,cinematic,5
3859,defoe,5
3860,unmanned,3
3861,rode,5
3862,parenthetical,10
3863,penn,5
3864,alan,10
3865,provincial,5
3866,fryer,5
3867,tuck,5
3868,maid,5
3869,marryin,5
3870,robin,5
3871,hood,5
3872,sherwood,5
3873,ipo,8
3874,fable,5
3875,thump,5
3876,reverend,5
3877,earthly,5
3878,nationally,10
3879,claimed,5
3880,ribbon,5
3881,oq,5
3882,corral,5
3883,launch,4
3884,israel,5
3885,lawful,5
3886,longest,10
3887,second,20
3888,banknote,5
3889,making,20
3890,reindeer,5
3891,turtle,3
3892,roommate,3
3893,eau,10
3894,square,10
3895,unlikely,3
3896,dimensional,5
3897,foiled,5
3898,legion,5
3899,milk,5
3900,honey,5
3901,changing,10
3902,metamorphosis,5
3903,panhandle,5
3904,deadly,5
3905,songbook,10
3906,sakharov,4
3907,wwii,5
3908,wasp,5
3909,truckin,4
3910,originator,5
3911,primate,5
3912,championship,4
3913,ebay,5
3914,roar,5
3915,iamb,5
3916,nativity,5
3917,taiwan,5
3918,platinum,5
3919,coup,5
3920,bert,5
3921,ernie,5
3922,politican,5
3923,evidence,5
3924,animus,5
3925,humanity,5
3926,valour,5
3927,compassion,5
3928,lowly,5
3929,sax,5
3930,wizard,5
3931,oz,5
3932,wallaby,5
3933,categorical,5
3934,denial,5
3935,memorable,5
3936,menu,10
3937,proofreading,5
3938,ran,5
3939,falcon,5
3940,rev,5
3941,sleep,5
3942,aim,8
3943,aqua,4
3944,fresh,4
3945,crest,5
3946,rembrandt,5
3947,nick,5
3948,analogy,5
3949,shortened,5
3950,oboe,3
3951,frozen,5
3952,diced,2
3953,wardrobe,4
3954,treasure,2
3955,orizon,5
3956,confidential,5
3957,libs,5
3958,atomic,5
3959,yo,10
3960,johann,5
3961,pronoun,5
3962,lo,6
3963,tesla,5
3964,brad,5
3965,pitt,5
3966,chick,5
3967,terror,5
3968,traditional,5
3969,tar,5
3970,accent,5
3971,continental,5
3972,draft,5
3973,lincoln,15
3974,gambol,2
3975,gambia,2
3976,twice,5
3977,grape,5
3978,ageless,5
3979,sajak,5
3980,planning,5
3981,spring,10
3982,monogram,10
3983,vertical,5
3984,comp,3
3985,genesis,5
3986,inning,4
3987,suite,4
3988,gettysburg,5
3989,oldest,5
3990,underwear,5
3991,yankee,5
3992,feeder,5
3993,contain,5
3994,climbing,5
3995,menace,5
3996,completely,4
3997,unrelated,4
3998,politically,5
3999,incorrect,5
4000,ipod,5
4001,courageous,5
4002,française,4
4003,dod,5
4004,abc,10
4005,defines,5
4006,teach,10
4007,flanders,5
4008,im,5
4009,jimmy,5
4010,albert,5
4011,unofficial,5
4012,poker,15
4013,sail,5
4014,consecutive,15
4015,encyclopedia,9
4016,titanica,4
4017,faster,5
4018,usain,5
4019,bolt,5
4020,nautical,5
4021,lock,4
4022,headgear,4
4023,kissing,4
4024,cousin,4
4025,rent,5
4026,previous,5
4027,messin,5
4028,problem,19
4029,cy,5
4030,relief,9
4031,cash,5
4032,doubled,5
4033,eponymous,5
4034,tcm,5
4035,bed,10
4036,proper,5
4037,burial,5
4038,hatin,5
4039,lunge,5
4040,riley,5
4041,observatory,5
4042,backyard,5
4043,brave,5
4044,orleans,5
4045,keynoters,5
4046,incredibles,5
4047,alex,10
4048,saloon,5
4049,benin,4
4050,actual,10
4051,rip,5
4052,winkle,5
4053,judgment,12
4054,cookie,5
4055,andom,5
4056,regard,5
4057,guinness,10
4058,snack,5
4059,teeth,5
4060,reddit,4
4061,ama,4
4062,compensation,5
4063,trebek,10
4064,higgs,5
4065,bosun,5
4066,towel,5
4067,minus,5
4068,robotics,5
4069,wit,2
4070,wisdom,7
4071,field,7
4072,conversion,5
4073,touchdown,5
4074,visited,5
4075,elevation,5
4076,destination,5
4077,pain,5
4078,hold,15
4079,accident,5
4080,leo,10
4081,singapore,5
4082,neighbor,5
4083,explanation,5
4084,refashioned,5
4085,pig,10
4086,polk,5
4087,cole,5
4088,porter,5
4089,itis,5
4090,brat,5
4091,fer,5
4092,forget,10
4093,chessboard,5
4094,agree,5
4095,price,5
4096,rockwell,10
4097,aretha,5
4098,dear,5
4099,totally,5
4100,seoul,5
4101,writ,4
4102,pointy,4
4103,barry,5
4104,grade,5
4105,tube,5
4106,miss,15
4107,kabuki,5
4108,noh,5
4109,survive,5
4110,microscope,5
4111,follows,5
4112,skydiving,5
4113,apparent,5
4114,heisman,3
4115,exoplanets,5
4116,gemstone,5
4117,touring,5
4118,auth,5
4119,bodacious,5
4120,cantata,5
4121,mccartney,5
4122,legislative,5
4123,wing,5
4124,impressive,5
4125,maui,5
4126,wowie,5
4127,atlantic,20
4128,str,5
4129,barbara,5
4130,diner,5
4131,pentagon,5
4132,visa,5
4133,kin,5
4134,groupie,5
4135,labratory,5
4136,mlb,9
4137,français,10
4138,ooo,5
4139,donkey,5
4140,drinkin,5
4141,s,5
4142,suffix,5
4143,cleanly,5
4144,rodin,5
4145,co,15
4146,hop,5
4147,banned,10
4148,cary,5
4149,vacation,15
4150,rice,5
4151,hen,5
4152,bound,5
4153,quilt,5
4154,nonmusical,5
4155,vowelicious,5
4156,waterfall,5
4157,itch,5
4158,dept,5
4159,dem,5
4160,scratchy,5
4161,clown,10
4162,mance,5
4163,sending,5
4164,anima,5
4165,appropriate,5
4166,academy,5
4167,wise,10
4168,filler,10
4169,bronze,5
4170,fuel,5
4171,hinduism,5
4172,sitting,5
4173,eer,5
4174,opportunity,5
4175,penny,5
4176,justice,10
4177,spoiler,10
4178,alert,5
4179,shall,5
4180,remain,5
4181,nameless,5
4182,nashville,5
4183,descent,5
4184,fuzzy,5
4185,croquet,5
4186,monsieur,5
4187,charm,5
4188,warm,5
4189,worthy,5
4190,farsi,5
4191,lexicon,5
4192,pacino,5
4193,iowa,5
4194,painful,5
4195,staff,5
4196,epitaph,5
4197,madden,5
4198,rejected,5
4199,supervillain,5
4200,interstate,5
4201,cal,10
4202,mighty,5
4203,graham,5
4204,chopper,5
4205,traffic,5
4206,gal,10
4207,identity,5
4208,push,5
4209,caddie,5
4210,rooney,5
4211,out,5
4212,vietnamese,5
4213,memphis,5
4214,translation,5
4215,mood,5
4216,logomania,5
4217,plato,5
4218,girth,5
4219,eats,5
4220,ponce,5
4221,leon,5
4222,atlas,10
4223,shrugged,5
4224,sur,5
4225,alphanumeric,5
4226,shower,5
4227,swing,5
4228,manhattan,5
4229,sowing,5
4230,ote,5
4231,kenya,5
4232,disrespect,5
4233,affleck,5
4234,sharp,10
4235,harvard,5
4236,management,15
4237,lone,5
4238,carnival,5
4239,pier,5
4240,teaching,5
4241,assistant,5
4242,omonyms,5
4243,ony,5
4244,baloney,5
4245,coupling,5
4246,figuring,5
4247,performs,5
4248,oner,5
4249,tyler,5
4250,renter,5
4251,wartime,5
4252,blotter,5
4253,civilization,5
4254,matt,5
4255,lauer,5
4256,trilogy,5
4257,ginning,5
4258,nd,5
4259,overtime,5
4260,intelligence,10
4261,norton,5
4262,parody,5
4263,op,5
4264,dancer,4
4265,direct,5
4266,lat,5
4267,button,5
4268,hook,5
4269,fetal,4
4270,reverse,5
4271,compute,3
4272,heading,10
4273,newsman,5
4274,rephrasing,5
4275,antonio,5
4276,bacteria,5
4277,photograph,5
4278,tombstone,5
4279,separation,4
4280,selling,5
4281,carrie,5
4282,firestarter,5
4283,needful,5
4284,touched,5
4285,alaskan,10
4286,filled,5
4287,booze,14
4288,tonys,5
4289,wonky,5
4290,leak,5
4291,marry,5
4292,maryland,5
4293,oyster,5
4294,stew,5
4295,portrayed,5
4296,starting,10
4297,norm,5
4298,needle,5
4299,torah,5
4300,finally,5
4301,foundation,10
4302,fellow,5
4303,mogul,5
4304,hittite,5
4305,alcoholic,5
4306,tone,10
4307,devilish,5
4308,twain,10
4309,drive,5
4310,moviemakers,10
4311,mason,5
4312,dixon,5
4313,dramatic,5
4314,explosive,5
4315,implosion,5
4316,birth,10
4317,mor,5
4318,toon,5
4319,ception,5
4320,beethoven,4
4321,blade,4
4322,runner,4
4323,close,15
4324,encounter,5
4325,metropolis,5
4326,thrown,5
4327,capitalism,5
4328,mayo,5
4329,clinic,5
4330,bella,5
4331,italia,5
4332,maintenance,5
4333,incomplete,5
4334,retail,5
4335,chipping,5
4336,lou,5
4337,gehrig,5
4338,streak,5
4339,teeing,5
4340,notre,5
4341,dame,5
4342,peoples,5
4343,activity,5
4344,novella,5
4345,soweto,5
4346,techie,5
4347,dropout,5
4348,tweet,5
4349,using,5
4350,algebra,5
4351,debate,5
4352,poem,8
4353,clinton,10
4354,ferrell,2
4355,anagrandma,5
4356,unique,5
4357,handling,10
4358,artificial,5
4359,astronomer,5
4360,gov,5
4361,appointee,5
4362,ghost,10
4363,bloomer,5
4364,airplay,5
4365,else,5
4366,rain,10
4367,durig,5
4368,chocolatier,5
4369,tur,5
4370,skit,5
4371,kicking,5
4372,ade,5
4373,nuremberg,2
4374,nutty,5
4375,pi,5
4376,shepherd,5
4377,affair,12
4378,federal,10
4379,plymouth,5
4380,colony,10
4381,readjusted,5
4382,ala,5
4383,poor,5
4384,bunny,5
4385,cartographic,5
4386,filthy,5
4387,glass,3
4388,glassmaking,3
4389,immigrant,5
4390,pantsless,5
4391,ove,5
4392,blame,5
4393,heal,3
4394,thyself,3
4395,husband,5
4396,piggybacking,5
4397,physician,4
4398,cinderella,5
4399,doohickey,5
4400,created,5
4401,literatura,5
4402,tomb,5
4403,monarchy,5
4404,resign,5
4405,dialogue,5
4406,experience,5
4407,jfk,5
4408,nuclear,5
4409,producer,5
4410,algeria,5
4411,charter,5
4412,password,5
4413,guggenheim,5
4414,korean,5
4415,version,5
4416,ly,5
4417,user,5
4418,alcatraz,5
4419,specie,5
4420,dj,5
4421,pump,5
4422,autobiographical,5
4423,successful,5
4424,porpoise,5
4425,thee,4
4426,trademark,5
4427,asteroid,5
4428,fbi,5
4429,rope,5
4430,psilent,5
4431,despot,5
4432,initially,10
4433,maltin,5
4434,adorable,4
4435,andorra,4
4436,capitonyms,5
4437,orwell,2
4438,perfectly,5
4439,ancestor,5
4440,marsupial,5
4441,ulture,5
4442,compton,5
4443,vienna,9
4444,fateful,5
4445,trip,5
4446,tiny,3
4447,antisocial,5
4448,commander,5
4449,chef,10
4450,sit,5
4451,mall,8
4452,started,5
4453,sexy,5
4454,winston,3
4455,churchill,3
4456,geographun,5
4457,yoga,5
4458,pose,5
4459,vogue,5
4460,crabby,5
4461,othello,5
4462,stair,5
4463,amazon,4
4464,nsfw,5
4465,contronyms,5
4466,joust,5
4467,ence,5
4468,balkan,5
4469,jim,5
4470,libros,5
4471,reversal,5
4472,festive,5
4473,steak,5
4474,mble,5
4475,grumpy,5
4476,egging,3
4477,fairy,10
4478,max,5
4479,tox,5
4480,ethnic,5
4481,beg,9
4482,pardoned,4
4483,secular,5
4484,confederacy,5
4485,dunce,5
4486,hilariousness,1
4487,puppy,10
4488,questionable,5
4489,grammar,5
4490,saintly,5
4491,ridgemont,5
4492,bloomin,5
4493,chained,5
4494,outback,5
4495,checklist,10
4496,del,5
4497,aware,5
4498,educational,4
4499,jeff,5
4500,linguistics,5
4501,bordering,5
4502,missouri,5
4503,fx,5
4504,koran,5
4505,gave,5
4506,nightmare,5
4507,vain,5
4508,vein,4
4509,arctic,5
4510,chap,5
4511,closer,5
4512,vamos,5
4513,ist,10
4514,graphic,10
4515,hummingbird,4
4516,ordinal,5
4517,safe,10
4518,thursday,5
4519,mcqueen,2
4520,massachusetts,5
4521,stayin,3
4522,bartender,3
4523,mere,5
4524,meredith,5
4525,hippo,5
4526,premium,5
4527,bloody,5
4528,laying,5
4529,warren,5
4530,profesion,5
4531,swap,5
4532,bernard,3
4533,shaw,3
4534,fossil,5
4535,radcliffe,5
4536,char,5
4537,buried,5
4538,legislation,5
4539,patron,5
4540,classy,5
4541,diego,5
4542,conan,5
4543,doyle,5
4544,untrue,5
4545,google,10
4546,sanctuary,2
4547,egot,5
4548,roadies,2
4549,pond,5
4550,rhody,5
4551,banner,5
4552,dollar,5
4553,bil,5
4554,rocky,5
4555,strawberry,5
4556,doonesbury,5
4557,vanilla,5
4558,shaft,5
4559,pant,5
4560,donald,5
4561,philosophically,5
4562,ghostbusters,5
4563,za,5
4564,beltway,5
4565,nationality,5
4566,hangout,5
4567,esque,5
4568,flow,5
4569,hunt,5
4570,roosevelt,5
4571,intimate,5
4572,madonna,10
4573,biking,5
4574,prohibited,5
4575,airline,10
4576,aint,5
4577,actually,5
4578,aquarium,5
4579,charity,5
4580,scarlet,5
4581,outdoors,5
4582,presidency,5
4583,use,5
4584,creative,5
4585,throwback,5
4586,katy,5
4587,perry,5
4588,id,5
4589,slow,5
4590,playwrongs,5
4591,hue,5
4592,hunger,5
4593,cc,5
4594,ici,5
4595,parle,5
4596,print,10
4597,enagerie,5
4598,killee,5
4599,heel,5
4600,significant,5
4601,others,5
4602,mythbusters,5
4603,scenic,4
4604,seeker,5
4605,disappointed,5
4606,highwayman,4
4607,blo,5
4608,chorus,1
4609,nbc,5
4610,hawaii,10
4611,yellowstone,5
4612,exposés,5
4613,mickeypedia,5
4614,bookish,5
4615,dustin,5
4616,hoffman,5
4617,yesteryear,4
4618,thoreau,5
4619,understanding,5
4620,medico,5
4621,chaser,5
4622,difficult,5
4623,clergyman,5
4624,amen,5
4625,arrested,5
4626,development,5
4627,sprawling,5
4628,automaker,10
4629,tater,5
4630,tot,5
4631,whatchu,5
4632,wallace,5
4633,rh,5
4634,newbie,5
4635,oldie,5
4636,viii,5
4637,mob,5
4638,mode,10
4639,bruce,5
4640,springsteen,5
4641,cliff,5
4642,joad,5
4643,lace,5
4644,canyucks,5
4645,choosy,5
4646,wag,5
4647,incredible,5
4648,sugar,5
4649,spooky,5
4650,altered,5
4651,dual,5
4652,seuss,5
4653,webpage,5
4654,ood,5
4655,persuasion,5
4656,ford,10
4657,overlord,5
4658,alimony,5
4659,herm,5
4660,cheshire,5
4661,male,5
4662,sealed,5
4663,stephanopoulos,5
4664,dough,5
4665,kill,5
4666,iron,10
4667,bald,5
4668,kn,5
4669,region,5
4670,property,5
4671,feed,5
4672,detroit,10
4673,shipping,5
4674,champion,5
4675,wheaties,5
4676,quoth,5
4677,winged,5
4678,touch,5
4679,immodest,5
4680,proposal,5
4681,demon,5
4682,colorado,5
4683,neon,5
4684,quirky,5
4685,spaced,3
4686,mormon,5
4687,ban,5
4688,ay,10
4689,lid,5
4690,bukowski,5
4691,rickman,5
4692,terrible,5
4693,onion,5
4694,hong,5
4695,kong,5
4696,noose,5
4697,phooey,5
4698,revelry,5
4699,noel,5
4700,coward,5
4701,joe,10
4702,ncerning,5
4703,pageant,5
4704,andre,5
4705,thesaurus,5
4706,mix,10
4707,hulk,5
4708,herr,5
4709,hamlet,5
4710,bul,5
4711,pulpit,5
4712,mn,5
4713,ley,5
4714,bookie,5
4715,uncivil,5
4716,bite,5
4717,nevada,5
4718,switch,5
4719,bonaparte,5
4720,gland,5
4721,glacier,5
4722,rodgers,5
4723,hammerstein,5
4724,quest,5
4725,changed,5
4726,sticker,5
4727,wrapper,5
4728,effect,5
4729,web,5
4730,farming,5
4731,folklore,5
4732,dining,5
4733,govt,5
4734,dec,5
4735,avoiding,5
4736,cliché,5
4737,firefighter,5
4738,elizabethan,5
4739,parenting,5
4740,ivey,5
4741,fairly,5
4742,plum,5
4743,isotope,5
4744,watson,5
4745,philosopher,5
4746,posse,5
4747,papal,5
4748,millionaire,5
4749,tuff,5
4750,commotion,5
4751,cern,5
4752,mankiewiczes,5
4753,aught,5
4754,vulgate,5
4755,rg,5
4756,lovely,5
4757,sidekick,5
4758,palindromic,5
4759,sonnet,5
4760,mation,5
4761,featuring,5
4762,split,5
4763,yucky,5
4764,oddity,5
4765,gender,5
4766,bender,5
4767,eleven,5
4768,retronym,5
4769,ieces,5
4770,sherlock,5
4771,holmes,5
4772,dum,5
4773,diagnosis,5
4774,longer,5
4775,market,5
4776,clarinet,5
4777,seafood,5
4778,hughes,5
4779,oregon,5
4780,emc,5
4781,surrealism,5
4782,idyll,5
4783,binge,5
4784,local,5
4785,tweeting,5
4786,enu,5
4787,personal,5
4788,invader,5
4789,consider,5
4790,divorce,5
4791,fluidity,5
4792,nebraska,5
4793,jute,5
4794,mill,5
4795,boom,10
4796,dot,5
4797,com,10
4798,variation,5
4799,grandson,5
4800,courtroom,5
4801,rare,5
4802,belle,5
4803,robber,5
4804,ussr,5
4805,preserve,5
4806,carson,5
4807,fedex,5
4808,bu,5
4809,autocorrects,5
4810,wellington,5
4811,thinker,5
4812,labeling,5
4813,cullinan,5
4814,guitar,5
4815,parlor,5
4816,theron,5
4817,danube,5
4818,olympia,3
4819,blowing,5
4820,footprint,5
4821,bonnaroo,5
4822,holding,5
4823,cookin,5
4824,mathematician,5
4825,morgan,5
4826,rewrite,5
4827,micro,5
4828,macro,5
4829,rushmore,5
4830,track,5
4831,camping,5
4832,grail,5
4833,repellent,5
4834,chuck,5
4835,wagon,5
4836,poultry,5
4837,flying,10
4838,superstar,5
4839,vampire,5
4840,flick,5
4841,frida,4
4842,vendor,5
4843,imagine,5
4844,rewriting,5
4845,mercury,5
4846,astronaut,5
4847,investing,5
4848,oxide,5
4849,pottery,5
4850,solo,5
4851,bush,5
4852,waitress,5
4853,billiards,5
4854,celebrating,5
4855,filmed,5
4856,recently,5
4857,challenged,5
4858,sorority,5
4859,taylor,5
4860,crush,5
4861,dictonary,5
4862,carmaker,5
4863,vault,5
4864,showcase,5
4865,kiwi,5
4866,nerdy,5
4867,gr,5
4868,admission,5
4869,schooled,5
4870,topic,5
4871,microscopic,5
4872,ha,10
4873,define,5
4874,mini,5
4875,aca,5
4876,demia,5
4877,finding,5
4878,fever,5
4879,flake,3
4880,scandal,5
4881,safety,5
4882,turned,5
4883,biopics,5
4884,getty,5
4885,clean,5
4886,caveman,3
4887,bierce,3
4888,imdb,5
4889,shelving,8
4890,told,5
4891,moose,5
4892,cadillacs,5
4893,moor,3
4894,forge,4
4895,recreation,5
4896,redundant,5
4897,shallot,5
4898,bringing,5
4899,arry,5
4900,afrodisneyac,5
4901,breakaway,5
4902,rink,5
4903,workday,5
4904,torture,5
4905,fiddle,5
4906,struggle,5
4907,fry,5
4908,meyer,5
4909,nauvoo,5
4910,sleeping,4
4911,nme,4
4912,shuttle,5
4913,endeavour,5
4914,aweigh,4
4915,ack,5
4916,slaying,5
4917,bass,5
4918,january,5
4919,joining,5
4920,jane,5
4921,austen,5
4922,tunnel,5
4923,abundance,5
4924,believe,5
4925,atom,5
4926,petunia,5
4927,huck,5
4928,celebrated,5
4929,jumping,5
4930,beatitude,5
4931,pauper,5
4932,dependent,5
4933,flyer,5
4934,genealogy,5
4935,grim,5
4936,loco,5
4937,andersen,5
4938,nile,3
4939,dylan,5
4940,guess,5
4941,standard,5
4942,difference,5
4943,mild,5
